class,Image Data Resource,SSBD,BioImage Archive,shared (>=2 publishers),total
Person,215,1629,3197,22,5019
Keyword,0,2105,2289,89,4305
LabProtocol,1081,860,1188,0,3129
BioSample,222,681,1765,0,2668
Organization,24,396,1335,36,1719
QuantitiveValue,0,0,1608,0,1608
Dataset,143,637,804,0,1584
QuantitativeValue,134,1274,0,0,1408
ScholarlyArticle,123,480,41,0,644
DefinedTerm,44,492,39,29,533
CreativeWork,143,388,1,0,532
Taxon,84,96,117,36,254
Grant,0,68,0,0,68
CLO,0,11,0,0,11
ro-crate,1,1,1,1,1
ALL ENTITIES,2214,9117,12385,213,23482
